date,dom_pax,int_pax,pax,dom_flt,int_flt,flt,dom_rpm,int_rpm,rpm,dom_asm,int_asm,asm,dom_lf,int_lf,lf,fuel_spot_price,transformed_price,monthly_nomial_gdp,monthly_real_gdp
2003-01-01,0.82834660776994,0.793857356053258,0.8204985387695949,0.9104378588386073,0.8716042709580996,0.9083764177366689,0.7933499914865596,0.8012156318596007,0.7909198462239626,0.7369732458028633,0.7841578794190927,0.7331869755965581,0.6680109275400026,0.7325388444712627,0.6953923781702297,0.887,-0.11882979439167032,11135.8235599162,14595.8733444509
2003-02-01,0.8147742371690736,0.7618028495764899,0.8044441018965616,0.8192458547088162,0.8296282146896554,0.8211809484342272,0.7758079923439185,0.7600133019829718,0.765686416736723,0.6569557372551014,0.7387766095237165,0.6625096104258947,0.7166644985039679,0.6877357067430986,0.7234099057230116,1.055,0.05375807477694517,11210.3740005332,14652.4225795991
2003-03-01,0.8742552838414674,0.798453891045042,0.8612591474730653,0.9212165407212769,0.879300528650576,0.919041781914574,0.8360891319792572,0.7956177574069354,0.8193187790384515,0.7541202409953076,0.7803072344377142,0.7424190199029503,0.7732535449460128,0.7186604314376227,0.7740007967069447,0.893,-0.11220595036788839,11176.1894395571,14595.658490883
2003-04-01,0.8555693744261594,0.766968038121616,0.8410532418172121,0.8931713388039526,0.8547627201692758,0.8907136134228502,0.8190881616453165,0.7527056876399207,0.795101413731202,0.7174848325944563,0.7375633488614355,0.7010002962302817,0.7693508520879407,0.6581686528888219,0.759394502722082,0.743,-0.29048656837547643,11256.9557785185,14673.4879067859
2003-05-01,0.8690642191702231,0.7801095756362773,0.854506940493474,0.9142516073053493,0.8564431710339622,0.9098586591349882,0.8305062166323376,0.7772494515606141,0.8100806802986833,0.7264729721560101,0.7396345503798791,0.707688161004576,0.7934174580460518,0.7679891386332781,0.7998937724073827,0.714,-0.328436608280409,11275.2231476185,14690.107595141
2003-06-01,0.8875413181811851,0.8156050540672903,0.8750583981265052,0.9222442618987454,0.8750358461504901,0.9194046996786867,0.854942761402242,0.8184282865653776,0.8395274223236049,0.7414698126880275,0.770043677926469,0.72993972991293,0.8531286587745546,0.8720772363855785,0.868012216173151,0.748,-0.2840709695547766,11406.1190738474,14869.0151651824
2003-07-01,0.9079665819473313,0.845441113385967,0.8967898887359773,0.9511749216374774,0.9028802065253965,0.9489883392337646,0.8796311477095822,0.8427153735777044,0.8643915963589954,0.7781607897041489,0.7969274718330706,0.7649315100373322,0.8840900221152597,0.9023985518177705,0.8986854335413624,0.78,-0.24385211609421586,11468.5925780034,14910.2305497859
2003-08-01,0.897418234864718,0.8483301301839554,0.8880104616256661,0.9504229602499628,0.9073966495783199,0.9489281494603041,0.8712247749022142,0.8482552485361592,0.8601970678402964,0.7783608782472857,0.8044046707307979,0.7683405328832311,0.8545596461558476,0.9040579272891839,0.876377639091754,0.823,-0.1919581925095413,11567.505500957,14985.303658265
2003-09-01,0.8366369808068779,0.790155852976441,0.8272249859541043,0.9074024687243227,0.8483037446431423,0.9026874081699887,0.7983327868147656,0.8127836999227349,0.7981957519324734,0.7217284102996722,0.7815154159043427,0.7223745261036179,0.7010537270716796,0.7995172725901344,0.735493294383216,0.738,-0.2969389180373806,11663.9089209363,15072.7949219177
2003-10-01,0.8739625485752409,0.7945337759526012,0.860527312416834,0.939740707471941,0.8499820289597158,0.9320209538526854,0.833975899267883,0.8107425247788225,0.8223214084627841,0.7590347173220504,0.7792487304152758,0.745110358452985,0.7601144789905034,0.7972544878563886,0.7798433143008897,0.82,-0.1955030793986673,11699.7538170053,15093.0484391709
2003-11-01,0.8557401331135193,0.7911261340223477,0.8440770863741474,0.8927846696585373,0.8469818901829944,0.8893795365743564,0.8180828068937585,0.8000197242358333,0.8078027331656727,0.7319337363575151,0.7627110936619275,0.7207164751609749,0.7469754130349943,0.801629205008297,0.7704156154561146,0.831,-0.18255850032382828,11786.1260507228,15181.954405983
2003-12-01,0.8728089197678415,0.8134433479250265,0.8618775090667672,0.9222806533826127,0.8710538722813874,0.9189223588184312,0.8426390240979273,0.8186108532544139,0.8308573335317497,0.7690599954828805,0.7784196314420333,0.7511935961357832,0.7737739039937557,0.8414542163222208,0.7993626344442969,0.876,-0.1310729165195453,11830.8221323064,15215.2028346549
2004-01-01,0.8338685156808516,0.8091096935401638,0.8274228169897899,0.9123099434036437,0.8754517810895934,0.9105586741764,0.8086685863402705,0.8118724260714805,0.8049959824554822,0.7626917720446613,0.7845043569056429,0.7496978263104417,0.6801092754000261,0.784281188716247,0.714911698313637,0.998,-0.0020016996871753154,11805.9343014207,15134.3494465505
2004-02-01,0.8441161723690858,0.7954691542615149,0.8344551223083183,0.8888653916169904,0.8600167607892777,0.8875319437849871,0.8122599558003536,0.7881417284386778,0.8000654379553227,0.7368418942384878,0.7650181966431937,0.7248426690373044,0.7229088070768831,0.7341982199426761,0.7377506307263312,0.933,-0.06898774277354369,11926.5319722459,15258.4440710678
2004-03-01,0.8987004381827788,0.8311923834983572,0.8868237951677402,0.9536052326572495,0.8895708634289266,0.9494064733042133,0.8681872420402366,0.8311738485057654,0.8527763217897171,0.8035673515772679,0.7910772948872564,0.7787100008938186,0.8081176011447899,0.8613667219791824,0.8304342052848227,0.947,-0.054232603838692446,12037.8747263169,15355.1799732243
2004-04-01,0.8936022541190249,0.8257155790431714,0.8816557668814271,0.9393864361382107,0.8884291598604057,0.9365159802443639,0.8635729849980853,0.8250693921709695,0.8476611213216136,0.7834038473825746,0.7927302273443582,0.7664640450107942,0.8215168466241707,0.8225976768743403,0.8332226795910237,0.973,-0.027314635136665252,12036.129399998,15311.2355322634
2004-05-01,0.8923211899927361,0.8297294870351277,0.8810570178909494,0.9526483940983059,0.9008309737023095,0.9500312920701042,0.8606501767082904,0.8408601704320784,0.8504618251809877,0.7932431405750737,0.8158622587007525,0.7828423889192724,0.7981006894757383,0.8206365967717605,0.8148984198645598,1.092,0.08859909057076379,12175.7527728664,15446.457899303
2004-06-01,0.914203372132925,0.8529967949241142,0.9032387901285972,0.9556742435090335,0.9101580521742436,0.9539951466776859,0.8884867592318129,0.8631973378215951,0.8770008213718299,0.8012706284509825,0.8239894945933619,0.7915528928152522,0.8803174190191234,0.9111479861215871,0.8978887265967336,1.032,0.03157379605651848,12126.5628272292,15344.8742191096
2004-07-01,0.9281548978259968,0.878391917092245,0.9188844277939063,0.9840014849722767,0.9401086226268145,0.9834256848906175,0.9057402322298662,0.8781323591865866,0.8938008491055198,0.8285738920613408,0.8448632664527826,0.8181900721039241,0.8999609730714193,0.9129582139085836,0.9134245120169965,1.145,0.13680026445685287,12279.4067271947,15483.1066039018
2004-08-01,0.9164622729602554,0.8722439465983336,0.9078952073457067,0.9936411423056448,0.9320748542388189,0.9908972579738862,0.8946839875558004,0.8728825201065065,0.8844264738938943,0.8327316298585732,0.8435303750670045,0.8201763295815709,0.8549499154416549,0.8888218434152965,0.8737219492763245,1.227,0.20776896981374982,12300.4766601507,15520.6497865371
2004-09-01,0.8596986064276431,0.8149790845848499,0.8506473681232682,0.9405940424534389,0.8645773470951679,0.9345585975164692,0.8278852660279199,0.8388092957370898,0.8271906082420806,0.7553515533178814,0.8103076623553651,0.7565381274870493,0.7461948744633798,0.8302911449690754,0.7777187624485461,1.362,0.31628432307904997,12336.0376126749,15536.1532122735
2004-10-01,0.8988150033951614,0.8243783714722808,0.8860537105631412,0.9760181703585147,0.8776821892244122,0.9680507461619321,0.8633765298514291,0.8407954926859538,0.8523484139164879,0.8009866125396687,0.816497641973057,0.7880138652156816,0.7961493430467024,0.8179212550912659,0.8127738680122162,1.52,0.4322489581848995,12471.3984880896,15653.3624004442
2004-11-01,0.8850217812427781,0.8144842879880216,0.8727067554296921,0.941245900083624,0.8755679114836661,0.9365206358250493,0.8486168882819323,0.821623851408193,0.836004606776692,0.7759895857538037,0.799420868138145,0.7646411452331705,0.7832704566150644,0.7808115854578369,0.7948479617580666,1.347,0.30469011060290396,12514.8695430188,15649.6127498527
2004-12-01,0.8900548717349528,0.8400308874612303,0.8804678324644009,0.9550948512071944,0.9057665365335268,0.9528817411723853,0.8595324397409385,0.8428104955085756,0.8503040488056071,0.8060533463215815,0.8223864055600689,0.793840647700021,0.7768960582802135,0.8069090360537036,0.7956446687026955,1.223,0.20440191070204444,12595.3739689024,15711.7224747945
2005-01-01,0.8616570753083064,0.8442703388335269,0.8565572404062367,0.9301767380663382,0.9131787815441821,0.9316779790559373,0.8349022154565819,0.8436337380160777,0.8336142011862737,0.7777341576422874,0.8273508451965323,0.7783914635667895,0.7382593989852999,0.7933323276512295,0.7637763909175407,1.334,0.2945528067106766,12747.9499889591,15854.6735708076
2005-02-01,0.8558402399224017,0.819184452775422,0.8478762717348065,0.8882482478690026,0.8818614725935623,0.8899173025961957,0.823965750246213,0.8111239894248445,0.8153970310296046,0.7341564939605103,0.7960665903920887,0.7367523216345209,0.7621959151814753,0.7402323125659979,0.7700172619838002,1.334,0.2945528067106766,12751.0565790126,15826.03465454
2005-03-01,0.9241462897473545,0.8715294054279705,0.9144369184305754,0.980367050847839,0.934517525359134,0.9793981618045287,0.8945279402000121,0.8669338661399313,0.8824064995764118,0.824735771947573,0.8369787009345879,0.8121766898328442,0.8662677247300639,0.8812792276361442,0.8806267427964415,1.562,0.4613470339909323,12802.8514320607,15855.5737892266
2005-04-01,0.9029776450020597,0.8524066573865259,0.8934018703318376,0.9566946510814365,0.9220152157157089,0.9565466111205279,0.8713526642294784,0.8525978415971345,0.8616720304649457,0.7971064125959018,0.8337964785484662,0.7934464594587531,0.827761155197086,0.8164127319354352,0.836940645332625,1.573,0.4688581195729588,12859.272586774,15896.6650693788
2005-05-01,0.9161579543243592,0.8587857995723631,0.9057285845841454,0.9855552668990519,0.9315164091757837,0.9836045691779436,0.8838986947810179,0.8682294179060355,0.8754446868709946,0.8183407890430097,0.8479608114905224,0.8132638208002358,0.8393391440093665,0.846583195052044,0.8526092152436596,1.471,0.39742576685826425,12881.944232779,15863.3669982714
2005-06-01,0.928718246796433,0.8765278452537659,0.9191046685031168,0.9777692979970745,0.9397209050462494,0.9778232617950362,0.9026131178650667,0.8849991100426196,0.893876301551356,0.8207422999826477,0.8541581184952403,0.8176794389579882,0.9007415116430337,0.9150701463267462,0.9147523569247112,1.654,0.5228344240081054,13026.7511803686,16010.3219467765
2005-07-01,0.9421223474351548,0.8985573782736211,0.9338876288112283,0.9969279644005766,0.9643890899045489,0.9984429971833606,0.9199181332682969,0.8998285376166684,0.9107014100744042,0.8469800914108969,0.8737915445590492,0.8432552268068658,0.9225965916482375,0.9212550912656511,0.9326782631788605,1.665,0.529990552550323,13096.07470494,16037.2241193118
2005-08-01,0.9255568273866253,0.8855553930290911,0.9176933319963574,1.0,0.9564228066267382,1.0,0.9044882582496845,0.8903511619425197,0.8969479892989725,0.8416282786064748,0.868740944403009,0.8375296558420668,0.8756341875894369,0.8879167295217983,0.8896560881689018,1.874,0.6588654875901105,13153.2108993707,16078.0739691548
2005-09-01,0.8779546810204124,0.8360319450401517,0.8694111399781717,0.9368137454071217,0.8963395560786251,0.9352679142398639,0.8483641926768932,0.8582188933417534,0.8477683694379028,0.7670733771242269,0.8403331872821873,0.7780137341912479,0.7947183556654093,0.8218434152964248,0.8135705749568449,2.232,0.8536681075497812,13178.6403956961,16029.5149314782
2005-10-01,0.896377898123073,0.8337757449457168,0.8851317744623879,0.9508732098595463,0.8917265702261301,0.9472383825879565,0.8642244897215434,0.8508095705113479,0.8561451273120779,0.7871531715275601,0.8344474547484326,0.7875671246644558,0.8183946923377131,0.8046462513199578,0.8271145930155358,2.398,0.9351056716559204,13235.1239543549,16064.1585313004
2005-11-01,0.8907902467109725,0.8249498787668785,0.8790961520657321,0.9214529508621769,0.8813447412002406,0.9195232427727351,0.8590604650169036,0.8317243433998498,0.8464848678740768,0.7695837913077934,0.8086620656380701,0.7647079852958925,0.8262000780538572,0.7993664202745513,0.8320276191740804,1.698,0.5512207626304235,13300.2918263408,16112.9084392004
2005-12-01,0.8909925504026681,0.8526244946533992,0.8830572058880382,0.9255350050660223,0.9155737860226849,0.9278898917595875,0.8661383416730528,0.8542498581975275,0.8585919985047097,0.7928544734196841,0.8362679284993302,0.7919590663418195,0.8165734356706128,0.8159601749886861,0.8284424379232506,1.727,0.569590436934033,13437.1962192935,16235.147391802
2006-01-01,0.8674006202408426,0.8528985592407747,0.8628061701181728,0.9106219515150507,0.9209730116223835,0.9154339488045213,0.844500918017582,0.8517587545871739,0.8429225082424612,0.7720536919061924,0.8399063695867364,0.7808594105879827,0.775595160660856,0.7900135767084026,0.7916611339795512,1.816,0.6243765812497517,13517.4460830571,16315.4871114123
2006-02-01,0.8576126217314961,0.8273876046695827,0.8505748276575167,0.8449413566583228,0.8896413642868413,0.8525171579445026,0.8299607393863644,0.8183521998093384,0.821876817153834,0.7058404803381162,0.8060166981732255,0.7238158320297305,0.8206062182906206,0.7415899834062455,0.8142344974107025,1.754,0.5864593641029985,13569.264633758,16307.7044499049
2006-03-01,0.9212548879464313,0.8795788563149634,0.9131024310261671,0.9444747191508149,0.9420104796111697,0.9485928179947951,0.893959019522514,0.8770538791068714,0.8852891537666041,0.8083176985260003,0.8540723365590983,0.8099798425792528,0.8890334330688177,0.8711721224920804,0.89576417474439,1.875,0.6594521333738246,13710.7692831251,16440.275158522
2006-04-01,0.9080641306077792,0.8738194454334924,0.9008906562080652,0.918719648359902,0.9331423340316953,0.9244392977935423,0.882580757368129,0.8719361550301965,0.8757626870905639,0.7816608213823457,0.8523455969674485,0.7928163988486432,0.8892936125926891,0.8500527983104541,0.8908511485858451,2.074,0.7712308214352881,13694.9542107916,16369.9261699498
2006-05-01,0.9152019643191522,0.8725691504742548,0.9068547818546557,0.9446966177496101,0.9338643225249621,0.9475781981685465,0.8856373238458328,0.8815827144830455,0.8811063686687604,0.7973572206098538,0.8644042324442385,0.8083471049158018,0.8762846363991155,0.8565394478805252,0.8827512946487851,2.07,0.7690755113320982,13782.6221682835,16416.9635799346
2006-06-01,0.9265213868839917,0.8916230385721766,0.9194371937567007,0.9414722673346887,0.9478455407283852,0.9468196801357074,0.9027190434844288,0.9024652356512872,0.8999000473376926,0.8019793098309052,0.8741902370274532,0.8160680884093878,0.9304019773643815,0.934680947352542,0.9417076085513211,2.081,0.7749941386493132,13782.6956208675,16403.640588345
2006-07-01,0.934380053629261,0.9114909760966974,0.9292716282337361,0.9684272257883251,0.97138343717176,0.9742933526123974,0.9156476540895211,0.9156787324281259,0.913251286473165,0.828742122290155,0.8919662704586866,0.8412477105590259,0.9357356576037466,0.9392065168200333,0.9467534192006374,2.154,0.8136129606444354,13791.1732028304,16365.7816719512
2006-08-01,0.9213453534523355,0.8978942705195907,0.9159823022478601,0.9803327056823168,0.9639935465276315,0.9836769786161597,0.9019969676928739,0.9032048604039451,0.8996735374185869,0.8311459784720832,0.8881769379296784,0.8407568235639804,0.8827891244959023,0.8838437170010559,0.894170760855132,2.133,0.802618707002341,13885.2575586897,16421.5176306685
2006-09-01,0.8739908728233372,0.8454000394338181,0.8673336854935094,0.9235088788796357,0.9014793738273337,0.9240916951832006,0.8454898601772847,0.870056099484041,0.8500329816056231,0.7636087123731485,0.8570867428007594,0.7842471764667298,0.7902953037595942,0.8224468245587572,0.8110476696321869,1.81,0.6207556143284719,13934.1332384884,16477.1011518715
2006-10-01,0.9039805174957154,0.8486368715515575,0.8937519425968583,0.9482709474783899,0.9037169411658459,0.9465054844047227,0.8722072634431424,0.8678640470037791,0.8672884107518755,0.791866614096616,0.8581505200826234,0.8019022599773553,0.8381683361519447,0.8070598883692867,0.8426503784357987,1.739,0.5771151745328361,13967.0702278329,16489.3941113638
2006-11-01,0.8970274763962589,0.844800719584573,0.8871824060746905,0.9170522386526407,0.8964029665738451,0.9176280632826064,0.8646885273797817,0.8511684910641764,0.8565833427364078,0.7698845751726715,0.8312036342013842,0.7753460231143894,0.8448029140106674,0.818373812038015,0.8502190944097728,1.733,0.5733583339909765,14059.5206217931,16600.8156444272
2006-12-01,0.8952411271796619,0.8700199968450653,0.88930203137184,0.9281726612773173,0.9354279360242073,0.9331572399899173,0.8702883269450084,0.8721796801699928,0.8674500795056668,0.7959593204972926,0.8590858326139266,0.804857858507928,0.8259398985299857,0.8262181324483332,0.8380029212587968,1.81,0.6207556143284719,14092.0891503713,16597.5958055805
2007-01-01,0.8744357284958628,0.8680104664597694,0.871203109993707,0.9271737822987518,0.9388009403853643,0.93278440983641,0.8504099749034584,0.8689479137368408,0.852917233827351,0.7897545884720536,0.862437613587625,0.8027520704793663,0.7701313906595553,0.7972544878563886,0.7898021511087505,1.654,0.5228344240081054,14134.0692564945,16578.4685852406
2007-02-01,0.8603058908814845,0.8413748400218668,0.8549579706792843,0.8536132928347016,0.9014850563311056,0.8619864856855148,0.8324570389452717,0.836455356548957,0.8295154342297968,0.715576440858019,0.8281758329185784,0.7406294858385145,0.8150123585273839,0.7544124302308041,0.8126410835214447,1.74,0.5777402446392473,14286.5290405871,16680.7833866791
2007-03-01,0.9262481411318815,0.8922747378394185,0.9193022687941612,0.9501123942221312,0.9525196309533803,0.9551799724785965,0.8987870074634356,0.8919881781428662,0.8936102078225261,0.8180252816113462,0.8721141201413012,0.8247417854430719,0.8912449590217251,0.8838437170010559,0.9004116319213916,1.846,0.6423305341273406,14226.3547028364,16577.9033128558
2007-04-01,0.9165447382703888,0.8799452498781664,0.9091019156540661,0.9322145490715013,0.9408573551206016,0.9375595863331778,0.8884770557178294,0.8815481754249239,0.8830303148819025,0.795539250928428,0.8674709923200288,0.8087819238541378,0.8890334330688177,0.8447729672650478,0.8892577346965874,2.036,0.7506112372836521,14362.6399203013,16711.3424943213
2007-05-01,0.9264515396837023,0.8802869593315816,0.917687630651228,0.9617092833966012,0.9428867938770438,0.9640093117142712,0.8959489764309492,0.891935151547842,0.8916638298654309,0.8140765184357637,0.8814614854406742,0.8270558257218337,0.8872121764017173,0.8480917182078748,0.88859381224273,2.044,0.7549791866799712,14401.0150302106,16701.7406567628
2007-06-01,0.9376608464071579,0.9009716549674045,0.9304218094402597,0.9516383188788531,0.9546307937925347,0.9568539534560152,0.9129595135842496,0.9137468826661728,0.9107628811497328,0.8123725233687473,0.8933623400445798,0.8321868955898815,0.9518667880837779,0.9224619097903154,0.9543221351746115,2.099,0.7846221312384705,14442.5910494345,16728.7269872312
2007-07-01,0.9472853160317571,0.9207602580365535,0.9417582935642006,0.9779629627206177,0.9770913710167828,0.9836081898325695,0.9267763690254895,0.9277887397438742,0.9250191296045909,0.8443664601919458,0.9097049279632472,0.8598056308104418,0.9521269676076494,0.9373962890330368,0.958305669897756,2.137,0.8047199124216232,14422.4354251201,16669.3569292053
2007-08-01,0.9434016364011413,0.9138566929736518,0.9373425872130836,0.9850582972827482,0.9737898733819823,0.9893595076544877,0.9220319663349361,0.9213165868199447,0.919533785157518,0.8442552616815107,0.9085185755947203,0.8591159996839419,0.9346949395082607,0.9054155981294315,0.9374585048466341,2.092,0.780886270360477,14601.5884786379,16867.826358832
2007-09-01,0.8881184841573075,0.8618213292294863,0.8819410485333004,0.9281797030434333,0.9103077581076797,0.9294926418160792,0.8599249513406448,0.8878906149960235,0.8661238486295435,0.7802499636555815,0.8750134721524621,0.8034490070104763,0.8139716404318981,0.8505053552572034,0.8356128004249105,2.265,0.8702576650761765,14668.327096315,16893.3707749402
2007-10-01,0.9155289619895317,0.8640982216896194,0.9059227338714706,0.9592746428899002,0.9117075108615418,0.9574223221594682,0.8842209490193573,0.8851374866927713,0.881367470954566,0.8110028404433436,0.8727378541407287,0.8207904781683979,0.8510472225835828,0.8443204103182985,0.8611074226530341,2.372,0.9226729525997371,14663.916302727,16878.1890341203
2007-11-01,0.9037315201508278,0.860159689922519,0.8951516586190609,0.9278002281920656,0.9100471183288699,0.9291178010390553,0.8729629160781522,0.8696901088439128,0.8684218859814754,0.7918537023874457,0.8548523461952522,0.8002692073561892,0.8407701313906597,0.8287826218132449,0.8496879564466869,2.673,1.060045123858587,14715.667102915,16898.6688822209
2007-12-01,0.8938054214500992,0.8820409333203361,0.8899635638763153,0.9272240241232801,0.9423197150503952,0.9333677443251727,0.8717851453510166,0.8893782515104198,0.8745226945351199,0.8084699070355938,0.8817429810647255,0.8238279241276203,0.8130610120983479,0.8333081912807362,0.8305669897755942,2.601,1.028428382677884,14765.5905944083,16970.4562956604
2008-01-01,0.8757973984643126,0.8793596693853876,0.8742274769760012,0.9177243185913202,0.9447437246370152,0.9253493345528732,0.8531928389770567,0.8841873842163386,0.860316395883026,0.7899504651836793,0.8828191216851051,0.8133093478632016,0.7787173149473138,0.8022326142706292,0.7979020050458107,2.605,1.030204236752998,14801.2862134716,16990.5013902621
2008-02-01,0.8750240309441528,0.8626635701808869,0.8708527310048026,0.8748275687326359,0.9218649825896046,0.8838878869776945,0.8477061679257556,0.8578271019156909,0.847187190304493,0.7489942334578732,0.8606466975980949,0.7773073905724139,0.8178743332899701,0.7477749283451501,0.8127738680122162,2.728,1.0837133878256069,14627.5412532099,16753.9547417577
2008-03-01,0.9260870677350272,0.9092804411475499,0.921856406867132,0.9390501909903115,0.9626272171300396,0.9469923878622435,0.9016671445562672,0.9083655678298737,0.9012843211949173,0.8193229652064691,0.8933518886115,0.8363257128431236,0.899570703785612,0.8922914466737065,0.9086442703492233,3.124,1.2430973288789204,14690.7865332915,16786.5127491741
2008-04-01,0.9068688162269964,0.883823874419003,0.9013965595075382,0.9234087495867715,0.9449198320306023,0.9303975263318307,0.8788101295724156,0.8907372965643461,0.8796977248571469,0.7840986543770683,0.88849502744766,0.8128393111539616,0.8722518537791077,0.8156584703575201,0.8692072765900943,3.365,1.3318770254263759,14757.41026217,16846.1915002627
2008-05-01,0.9199987292132938,0.8951545931209601,0.9143991397588289,0.9413029307088667,0.9496520576332044,0.9469473046680843,0.8913907883512948,0.9100115840963063,0.8950563399339906,0.8029446938753857,0.90501691972828,0.8328339475552227,0.8881228047352674,0.856690300196108,0.8909839330766166,3.738,1.4591789909883528,14802.3222177887,16891.0542460924
2008-06-01,0.9278716568412007,0.9068751528857124,0.922983837458462,0.9376645306183224,0.9545622548700061,0.9444945688609305,0.9045526416791665,0.9227932585103775,0.9084655585196844,0.8091146103688729,0.9113141207223201,0.8398815674727871,0.9259789254585664,0.9027002564489365,0.9301553578542024,3.878,1.5041852821150816,15037.3705200232,17094.0789931621
2008-07-01,0.9372001147803735,0.9241938852091658,0.933759075561083,0.9622656787055988,0.97576060032323,0.9695537511949723,0.9162774432260603,0.9359655527610795,0.921091645470189,0.8370883678626431,0.927079589032874,0.8648751823987784,0.9248081176011449,0.9147684416955802,0.9325454786880892,3.886,1.506715175219573,14972.3539471215,16971.8127427721
2008-08-01,0.924809110474869,0.9190565621381364,0.9224083430125463,0.9442372623040232,0.9664028753567249,0.9521677812383036,0.905245573920805,0.9322027364976244,0.9124707711016162,0.8178755016397989,0.9250093523487237,0.8525569636984471,0.9146611161701574,0.9017951425554384,0.9219227194263709,3.271,1.297911925637551,14917.1858638133,16891.6293808992
2008-09-01,0.8597513767214631,0.8502838083244937,0.8558535031630834,0.8572417248209696,0.8839985335451206,0.8626068364860906,0.8306057959098867,0.8848445303980985,0.845883302889086,0.7080818235680049,0.8773121707467979,0.762276684336527,0.8195655001951347,0.8257655755015841,0.8340193865356526,3.375,1.3354427692495578,14807.4571889569,16701.0229087763
2008-10-01,0.8918886785347411,0.8553127198688024,0.8842210511164081,0.8859938570152863,0.8916097467477333,0.8892764232082246,0.8577532322521773,0.8820871982297627,0.8625529721811223,0.7383100872374637,0.8739653824126243,0.7780458728420552,0.8675686223494212,0.8236536430834215,0.8676138627008366,2.315,0.895006607774766,14694.5529531256,16566.7600332695
2008-11-01,0.8596109527039406,0.8445794384627829,0.8548490571461826,0.8363794397193907,0.8897940683141976,0.8449524989035258,0.8274023063103604,0.8571489116467821,0.8333266968743898,0.7021701352186476,0.8530819790772526,0.7455165566540742,0.8173539742422272,0.7705536279981898,0.8178196786615323,1.88,0.662381384879275,14700.0679600948,16587.0695069947
2008-12-01,0.8758495502882342,0.8688691252102547,0.8725457971024584,0.8491055984170366,0.9165665194300558,0.8603537463369886,0.8504179248686263,0.8792988139270057,0.8566769839904333,0.7266146803773044,0.8735366742940656,0.7709571670876176,0.8595030571094056,0.8106803439432796,0.8584517328376046,1.375,0.32624529880721775,14430.006086812,16303.4099231829
2009-01-01,0.8408212853352719,0.8641970475487244,0.8420946479543101,0.8390666047434934,0.9249055692504107,0.8528681506320162,0.8178253233584156,0.869948340501471,0.8318398619287048,0.7086805752716767,0.8764373704160375,0.7621317330682071,0.7772863275660207,0.7530547593905567,0.7844907714778913,1.469,0.3959836124036605,14481.0392390196,16350.2253045494
2009-02-01,0.8329008056515477,0.8373934168247326,0.8308890521944692,0.7872770710752235,0.8929043455375374,0.8020836138369543,0.80492563316401,0.8292255432081124,0.8083243641419786,0.6552983937191144,0.8383982604271196,0.710020996874567,0.8096786782880188,0.6854729220093531,0.7899349355995219,1.259,0.23437512319716172,14442.8733948385,16290.0001671807
2009-03-01,0.8951983251855138,0.8797521605557486,0.8907844232315298,0.8754764185948538,0.9394655974444777,0.8872709289154912,0.8682516856156095,0.8774662388419165,0.8679098492692718,0.7509512537087595,0.8780931412118962,0.7877093760825336,0.8852608299726812,0.7848845979785791,0.8702695525162661,1.268,0.24175462927555622,14368.7933660886,16255.4041069263
2009-04-01,0.8877517163680162,0.8753805727645307,0.8837350644014359,0.8577075869508217,0.9254266465706964,0.8693534418292437,0.8611049091280805,0.881391963166827,0.8645257465877414,0.7255932355087094,0.8754755415970967,0.7714246055824727,0.8985299856901261,0.8144516518328558,0.8872659673350153,1.369,0.32165790332015204,14360.2850128183,16253.9442434565
2009-05-01,0.891845648234721,0.8595181533715022,0.8848019826019211,0.877011748677667,0.9078490688637157,0.8836732679785726,0.8647774632669369,0.8825408047429417,0.8673867476743737,0.7408450618907292,0.881941155937688,0.7838816150831214,0.8882528944972032,0.7969527832252227,0.8753153631655822,1.488,0.40961734080416834,14377.7499191003,16278.6231714342
2009-06-01,0.9084449431634773,0.8867766113733158,0.9032073605073272,0.8874851510407709,0.9215374695385061,0.8950252314671481,0.8855648773938594,0.908008059241332,0.8904741518449368,0.7556120538944544,0.8948536725891447,0.799621911779802,0.9406790685573048,0.8844471262633883,0.9355995219758332,1.805,0.6177303508656043,14405.6730681182,16275.5545543668
2009-07-01,0.927407481213077,0.9130566703794383,0.9235995402339832,0.9183663101399464,0.9465459647431684,0.9261990777736138,0.9055956037672024,0.9303309451313337,0.9119844500457148,0.7883927653288403,0.9144411410673747,0.8295702828585707,0.9630545076102512,0.9330215718811284,0.9644137564732439,1.712,0.5601218535519863,14376.2634756338,16261.7228835802
2009-08-01,0.9120942885783192,0.908220540539995,0.9098165835258456,0.9069590972499828,0.9407810258776275,0.915223434881522,0.892622180156005,0.9269061585905969,0.9022506946098519,0.7751180901639909,0.9102219014997486,0.8195282998166942,0.9357356576037466,0.9303062302006336,0.9444960828575221,1.885,0.6653040312340508,14480.496585454,16349.086507204
2009-09-01,0.863295329075263,0.8464711635368198,0.8582986134314154,0.8389268474885192,0.8717834308756083,0.8445583332106743,0.8352444296416524,0.8807885764701742,0.8473033615153422,0.6889832656273747,0.8606134134827181,0.7418877825984413,0.8630154806816706,0.8666465530245889,0.8757137166378967,1.749,0.5833521963672216,14489.8859389374,16368.8431235926
2009-10-01,0.8879509527131013,0.8491327985048702,0.8799255616595882,0.8554844505015247,0.8753294976708825,0.8597999457827026,0.8568763189911648,0.8765325651028357,0.8599550881061102,0.7151131553865344,0.8490176738747639,0.7510301235800263,0.899570703785612,0.8877658772062152,0.9074492099322798,1.942,0.6981653660742823,14693.4783834218,16570.2811744639
2009-11-01,0.8655080358298166,0.8387949175776153,0.8590498364715691,0.8237459986016145,0.8780768443194011,0.8319968300436287,0.8346427852535836,0.8507776082950813,0.8359058279042166,0.6894592567336648,0.8280189702378422,0.7247935326541004,0.8601535059190841,0.8280283602353299,0.8637631124684636,1.986,0.7229766724807616,14665.2446530618,16512.5875754124
2009-12-01,0.8730323224101566,0.8692394234030569,0.8702074979388597,0.8339646142189316,0.9131677833393046,0.846466672321748,0.84922704266081,0.8780367728685654,0.8554253793641893,0.717377574260885,0.8534803270956806,0.7547259345313275,0.8691296994926501,0.8788655905868156,0.8831496481210995,1.979,0.7190608315330163,14595.0239636216,16426.2007751278
2010-01-01,0.8454314555428892,0.8667588525289882,0.8464241084841504,0.8238510490607585,0.9228350157284639,0.8391609608029782,0.8253531605521367,0.8738945044778426,0.8382376458956919,0.7066542855512967,0.8642024710511507,0.754175032754258,0.8043449980486537,0.8164127319354352,0.820475368476962,2.052,0.7593326493460372,14707.2196656162,16526.0125441308
2010-02-01,0.8241059135462834,0.8390218614409846,0.8236782367464022,0.7465010503332294,0.8847437851809108,0.7649027401993678,0.799773603388596,0.8347599407196902,0.8068397031730852,0.6246643394331315,0.8208023829512934,0.6824923891246453,0.836216989722909,0.771609594207271,0.831629265701766,1.989,0.7246513046741303,14735.287958262,16561.0189553151
2010-03-01,0.9002621048080099,0.8888807341556362,0.8965673935968415,0.8683588612108437,0.9393276552471979,0.8809898632923439,0.8752526192801628,0.8896684639916339,0.876938064043685,0.7479023441619219,0.8723618915970812,0.782834544647903,0.9150513854559648,0.8702670085985821,0.9140884344708539,2.108,0.789409873206185,14851.3223760708,16661.6147087156
2010-04-01,0.8892290909223277,0.870799555993258,0.8842730945877513,0.8515655767042905,0.9199924949177545,0.8630693527056206,0.8626990266686665,0.8750694413751967,0.863330853432827,0.7256017211178509,0.8572674558328099,0.7616081240540638,0.9042539352152985,0.8483934228390407,0.900809985393706,2.243,0.8592209573187106,14946.0467731204,16725.2370721577
2010-05-01,0.8969718202091101,0.8850591941938526,0.893147378328826,0.8699660543838554,0.9305016641514294,0.880967976262756,0.8710405196655042,0.9053924193110867,0.8799824294254064,0.7456724738441594,0.8906195827286201,0.791494822565749,0.9032132171198126,0.8864082063659678,0.9097065462753952,2.063,0.7652951976883398,14956.475880705,16714.2558840877
2010-06-01,0.9127522240216459,0.9050314642538679,0.9098362619586808,0.8792241154799054,0.9428361985118161,0.8911184699533408,0.8921496603914321,0.9278697868199544,0.9023200369596855,0.7632482307493138,0.9074121812300886,0.8110991199126438,0.9530375959411994,0.9472016895459346,0.9612269286947285,2.058,0.7625883021822747,15038.0563462244,16790.7207665594
2010-07-01,0.9257218300925487,0.929659107485096,0.9250238022168435,0.9079778032624866,0.9705511406800915,0.9209830522675837,0.9078064505125525,0.9455411244784475,0.9193186806421156,0.7949170813846713,0.9297231234109402,0.8420297486792983,0.960712891895408,0.9592698747925782,0.9699907050856459,2.019,0.7412807615605724,15111.8564856718,16866.3351963954
2010-08-01,0.9164082356009118,0.9194922272989152,0.915399721255751,0.9070570436549179,0.9547580454003479,0.9175482848888983,0.8983284382953336,0.9380411575982066,0.9102832573612138,0.7867571094337737,0.9231752926862615,0.8335936576277998,0.9383374528424613,0.9422235631316941,0.9496746779976099,2.083,0.7760673984897959,15108.5590130482,16835.0762422331
2010-09-01,0.8761604608597917,0.8677781718414406,0.8726354200213118,0.8477077449367556,0.8879159683763569,0.8547140267009077,0.8495278414312395,0.9039564249913514,0.8655597908513268,0.7186318701980046,0.8816174354727906,0.7707951916051918,0.8683491609210356,0.9135616231709157,0.8923117779843314,2.114,0.7925920711339518,15204.4055012978,16916.0164155426
2010-10-01,0.9025154867322662,0.8749461263440206,0.896295089798766,0.8657970481921264,0.9000216638893734,0.8725595497790994,0.87313442327663,0.9042071617861978,0.8808979840421234,0.743637540369356,0.8865785477981571,0.7880674153427609,0.9140106673604786,0.8954593453009506,0.9196653830832558,2.248,0.8617373421046505,15287.4656729464,16965.4588923481
2010-11-01,0.8828774127226202,0.8565812257481804,0.8766471698392149,0.8334939400196983,0.8898938778870709,0.8424121718324873,0.8539892109418945,0.8712446817523656,0.8561321024790365,0.7171000908377234,0.8557757880637613,0.755778101061221,0.8863015480681671,0.8334590435963193,0.8839463550657284,2.323,0.8989242478797095,15264.332925911,16903.9848137374
2010-12-01,0.8808223467974443,0.8810947186624007,0.8787756324112204,0.8316898131044344,0.9197766346338399,0.8455397733936536,0.8587776548214876,0.892123632109088,0.8669510240246554,0.7314301047685721,0.8773014725207648,0.7758354524320961,0.8813581371146091,0.8646854729220094,0.8883282432611871,2.453,0.9610331053749512,15376.623401191,17013.8032932496
2011-01-01,0.8507903311850677,0.8775322247245327,0.8528319758609779,0.8097397803148247,0.9325647297695925,0.8284645241687656,0.831856093746353,0.8881141428069541,0.8479740966699945,0.706765369331114,0.8880229404470601,0.7676158548140997,0.8255496292441785,0.8037411374264597,0.8322931881556234,2.619,1.0364015538812863,15257.7181181685,16865.3350481771
2011-02-01,0.8327646590717457,0.8459610592156084,0.8321755945949736,0.7493741115688017,0.8952020170615747,0.7691940626346643,0.810003600578761,0.845935863659939,0.8176951876253185,0.6431739039598803,0.8515678918248852,0.7102965434103545,0.8438922856771172,0.7207723638557854,0.8225999203293056,2.839,1.130272095980535,15282.9013574744,16841.0633651281
2011-03-01,0.9070800509874601,0.8947526965542472,0.9033229667247928,0.8823701570410964,0.9503364372397525,0.8951217071795465,0.8837510041800032,0.8959099240010366,0.8848520306516079,0.7733918950285474,0.8989658276991825,0.8122412581411282,0.9060751918823988,0.804495399004375,0.8899216571504448,3.125,1.2434775465562677,15513.7245244163,17056.0560265506
2011-04-01,0.8913241142440507,0.8878113238147276,0.8887989280933901,0.8491164237272173,0.9337968603924183,0.8631695952038339,0.8685704008706763,0.8968123748898993,0.8751299907224226,0.7430798445356999,0.8948188447253971,0.7923490619345195,0.8983998959281907,0.8242570523457536,0.8892577346965874,3.267,1.2964483110012237,15584.418620276,17097.4195258974
2011-05-01,0.9089058919971755,0.8929820647575117,0.9045895731193658,0.8720690260010322,0.9286583321995554,0.8825260906708348,0.8839611946190464,0.9136122961382291,0.8915282010247578,0.7586599364884972,0.9037346617333117,0.8063718749975148,0.9298816183166385,0.8811283753205613,0.9269685300756872,3.085,1.2281876404776535,15567.1505912018,17037.920219245
2011-06-01,0.9185779665144418,0.9092637685056832,0.9154808576930877,0.8842512868058279,0.9401749005104643,0.8951085147257896,0.8989830021708203,0.9315687032902713,0.9081683263916673,0.7821018859664406,0.9168258470426274,0.8272937166278211,0.9482242747495773,0.9306079348317998,0.9533926437392112,3.046,1.2131170987659272,15521.0477885315,16970.7101655557
2011-07-01,0.9317093183573188,0.9376425059560756,0.9314751682445461,0.9092192956368645,0.9714021181497103,0.9222155333838735,0.9153872602899247,0.9529370238702759,0.9271014013309182,0.8109417790469688,0.9411981612164251,0.8578174656338309,0.9634447768960583,0.955498566903002,0.9707874120302747,3.131,1.2457566863231164,15615.9424507501,17025.5994618261
2011-08-01,0.9165847863620273,0.9202846508502405,0.9156873087273114,0.8947306732793052,0.9485931459018349,0.9056986088646806,0.8990902095784294,0.9413628860401264,0.9120907371752285,0.7854977195634358,0.9278202393689989,0.8355565245785854,0.9432808637960193,0.9426761200784434,0.9531270747576682,3.008,1.198274611414257,15716.1521455576,17097.1717254578
2011-09-01,0.8802568022588613,0.8692568222420904,0.8763650333906776,0.83552625839984,0.895375480907211,0.8450474552060872,0.8555290891861267,0.9047991538864713,0.8697315243837558,0.7154531113215779,0.8889133299545806,0.7731008591372923,0.8942370235462469,0.8897269573087948,0.904129597662993,2.948,1.1745118215316726,15610.945403717,16971.8823527442
2011-10-01,0.8985711092728312,0.8689712249745418,0.8920011820997775,0.8522086346740743,0.9021095792000811,0.8608386032485775,0.8711603513250834,0.8982197763363358,0.8773568362805069,0.7365887582711608,0.8870429247176208,0.7842310370099632,0.9177832704566151,0.8609141650324333,0.913026158544682,2.966,1.181683434935838,15858.1699335094,17256.9072844353
2011-11-01,0.8843017416096286,0.8538985058543176,0.8774724000413059,0.8113068844141385,0.890328017692716,0.8228588230311544,0.8568668091895519,0.8673448586691515,0.8566899564526835,0.7046310579160231,0.8502309267029071,0.7454483120685609,0.9157018342656433,0.8334590435963193,0.9051918735891648,3.046,1.2131170987659272,15837.9004600298,17204.1351768136
2011-12-01,0.8835588583316403,0.8829201214656504,0.8813999458363231,0.8304451010458074,0.9293999621769604,0.8460485718937587,0.8627737389640728,0.8919104122752679,0.8694924758110085,0.7386998522778345,0.8790480132733132,0.7810413475351705,0.8844802914010668,0.856992004827274,0.8884610277519586,2.873,1.1442241206181536,15830.7066064471,17207.4689013237
2012-01-01,0.8558763268192884,0.877540310587436,0.8571045305699565,0.8061435658285259,0.9304073658982941,0.8249448904550434,0.8353626026323449,0.8869596150089492,0.8497707318654237,0.7018641802981467,0.8850476671530823,0.7631005082305062,0.8444126447248601,0.8085684115251169,0.8468994821404859,3.087,1.2289561207831419,15935.0731803898,17264.5435296284
2012-02-01,0.8514521159350208,0.8568632665321512,0.8498390202654535,0.7733178918161592,0.9135909693888196,0.7933201166408992,0.8263837739415774,0.8575602405770963,0.8327998538723289,0.6728426170758173,0.865421023216939,0.7352344732667593,0.8563809028229479,0.7301252074219339,0.8337538175541098,3.207,1.2743095169147514,16212.7267142242,17511.9632986959
2012-03-01,0.9100953015070736,0.9039194025314892,0.9073990140102062,0.8574936590739775,0.95739074269845,0.8745348091335536,0.8880028463641443,0.9064349614046425,0.891500983813093,0.7691010957005471,0.8999934609167219,0.8103142290336987,0.9283205411734097,0.856237743249359,0.9192670296109414,3.256,1.2924155134184665,16058.6151053642,17325.043124709
2012-04-01,0.8961120251998249,0.8911394648488034,0.8934130026076348,0.8361269008178542,0.9351540229289412,0.8520035054247135,0.8728643034693038,0.900746992246305,0.8794197428325417,0.7407286062755549,0.8903198262172625,0.7884617183013685,0.9175230909327436,0.8621209835570977,0.9131589430354533,3.226,1.2813578999244275,16179.9536621367,17412.9365066524
2012-05-01,0.9076293823307298,0.8946217144704645,0.9037687817882345,0.8546442126829827,0.9397158006863338,0.8690108392561591,0.8842565027303904,0.9168641881904072,0.8929606093743203,0.7602534323607006,0.908053844751171,0.8097431892673477,0.9284506309353453,0.8823351938452256,0.9261718231310582,2.974,1.1848589665723839,16221.6491900743,17473.2159138435
2012-06-01,0.9192375798884278,0.9159426035584395,0.9171697465959054,0.8637370526061758,0.951498849991105,0.8789775299851534,0.9013327959584929,0.9362774249084755,0.9115171443488137,0.7823948842260879,0.9173280552584284,0.827747989408703,0.9566801092754,0.9558002715341681,0.9661399548532731,2.678,1.0622137791076085,16219.7421477999,17448.0034614592
2012-07-01,0.9285346694888208,0.9356183791646959,0.92844998843624,0.8850085170985693,0.9707383430038496,0.9009123796713308,0.9141802366077076,0.9486650005469319,0.9246353502332232,0.8104993554687354,0.935730476582779,0.8543968019522907,0.9595420840379862,0.9529340775380902,0.9673350152702166,2.892,1.1519599077641087,16319.2710848733,17517.912999214
2012-08-01,0.9231419255970303,0.9257071045386431,0.9221565891257253,0.8812161290585347,0.9614141587313769,0.8959811398322923,0.9065339855889682,0.9436027536141256,0.917736882507934,0.7944225305611603,0.928363790788322,0.8409629886705066,0.9568101990373359,0.9535374868004224,0.9656088168901872,3.156,1.2552133791235889,16274.3278864978,17414.9731945204
2012-09-01,0.8751226342675889,0.8757574319498813,0.8730541540945245,0.8064425548193785,0.9004436462214231,0.8201766550929701,0.8506660076840902,0.9095746278709806,0.8685405140399389,0.7142579763283514,0.8895631852230546,0.7727883739353079,0.8788864316378302,0.9140141801176648,0.9001460629398487,3.191,1.2683464914725924,16365.0240286051,17476.744131409
2012-10-01,0.896614588279327,0.871158962228459,0.8906543503112143,0.8237082582266986,0.9019336880324644,0.8356314968712812,0.869171956995948,0.8977466535985239,0.8758740665621927,0.7268334410261392,0.8808309101415999,0.775108946264977,0.9258488356966308,0.8820334892140597,0.924445624751029,3.111,1.2381450746481595,16337.8199970351,17408.2589685211
2012-11-01,0.8853928237071997,0.8632847166725082,0.8798245420821713,0.7972587433912484,0.8963683804297591,0.8114316669201198,0.8593191500517836,0.8730603922765501,0.8603504948778617,0.7160114133211977,0.8534877209427636,0.7539193720334438,0.9069858202159491,0.8517121737818677,0.903598459699907,2.96,1.1792970117391786,16404.6090238367,17484.5637184168
2012-12-01,0.8813556754259642,0.8879845485934554,0.8803904591063523,0.7988800725496432,0.9295943189215787,0.8184561723170489,0.8637239000913866,0.8949778840516944,0.871263464619461,0.7368515197657644,0.8786488149638965,0.7797420293791539,0.8905945102120463,0.8752451350128226,0.8977559421059619,2.94,1.1713125014160104,16518.8279791304,17577.4684026413
2013-01-01,0.8606290629967335,0.8829173094083314,0.8620505240544771,0.7895446305359641,0.933744957752423,0.8110493389084255,0.8427600942898676,0.8906052977433867,0.8559596796391338,0.7109625527363193,0.882041897392349,0.7666079358323046,0.8563809028229479,0.8387388746417258,0.8634975434869206,3.091,1.230491814448385,16678.2071940749,17719.6401798718
2013-02-01,0.847032571315272,0.8584098315468793,0.8463481744439205,0.7287233195717917,0.9028405825374404,0.7524957376388226,0.825790619995499,0.8594836508870456,0.8331101944890822,0.65504449474167,0.850916897955253,0.7167842964448781,0.8808377780668661,0.7900135767084026,0.8677466471916081,3.218,1.2783944658105626,16603.2535470037,17601.6267468809
2013-03-01,0.9120745729948334,0.9111553538873274,0.9103008455002026,0.8392702016985272,0.9595119583560443,0.8590110014582617,0.8933597615696733,0.9112220674792071,0.8968028153116903,0.7768732194013523,0.8963980662311117,0.8128621533147822,0.9357356576037466,0.8963644591944487,0.9354667374850617,2.969,1.1828751102902646,16663.1062588816,17666.6177807011
2013-04-01,0.8934606574385136,0.889791721352966,0.8909402374031483,0.822854993546347,0.9361453133073652,0.8405540671853622,0.8733862578637979,0.8999136363825717,0.8794513135118756,0.7485113170461446,0.8952709972279393,0.795741540615122,0.9072459997398206,0.8390405792728918,0.8996149249767628,2.808,1.1174269727658481,16682.5171775356,17699.1279522895
2013-05-01,0.9120658624384728,0.902912113644089,0.9089010303638103,0.850449624136262,0.9442098392808003,0.8660943240950285,0.8905862086810155,0.9245010741168058,0.9000031889719038,0.7717578501125288,0.9141462449996292,0.8198250769174873,0.933654221412775,0.9011917332931062,0.9349355995219758,2.725,1.0824328833148589,16663.5964678223,17648.5188705067
2013-06-01,0.9196999448720664,0.9254898363413555,0.9192255150232329,0.8483947025306016,0.9552421648761746,0.8662096073746,0.9062875586529628,0.9452296667284221,0.9182241771115027,0.7909709489509851,0.92853597724549,0.8390913376167131,0.9613633407050866,0.962286921104239,0.9713185499933609,2.769,1.1010948976587007,16839.9473546781,17782.0511827361
2013-07-01,0.9265903559473152,0.9451846938109698,0.9285886964613566,0.8793627487071163,0.9766130499559371,0.8970220484039384,0.9170052205997008,0.9583790863853534,0.9303138433272959,0.8200590295423691,0.9467627775569927,0.8662452209695406,0.9547287628463641,0.9645497058379847,0.9673350152702166,2.894,1.1527716896145255,16881.6041280296,17803.6269364186
2013-08-01,0.9203572643460207,0.9380924901160967,0.9220690014643305,0.8751985483344384,0.9660901556167985,0.8915272305450568,0.9079604737600446,0.9555476171739445,0.9234445063258603,0.8065295609808683,0.9421204671776193,0.8558516529960816,0.9426304149863407,0.9671141952028967,0.9596335148054705,3.003,1.1963098206567728,16986.5335116758,17894.7497189427
2013-09-01,0.8789562433368596,0.8805955728742285,0.8771105965313479,0.8120528463521648,0.8974849688753959,0.8246459652523921,0.8560245744996013,0.9153983755154762,0.8742937434778435,0.7249096531331087,0.8990568382330775,0.7843486450205681,0.8816183166384806,0.9093377583345906,0.9009427698844775,2.934,1.1689081585227048,16993.3763603633,17883.6628769238
2013-10-01,0.9018452356193087,0.8811872578524773,0.8966880427671597,0.8375487636536842,0.9118068888257409,0.8494064955333851,0.8767527644128572,0.9076202657975339,0.8845526096073497,0.7572428644530351,0.8968367026143405,0.8016739295798558,0.9059451021204632,0.8747925780660734,0.9083787013676802,2.885,1.1491149136431333,17117.0225941043,17984.987108655
2013-11-01,0.8776035257604713,0.8688565930087591,0.8740384066095084,0.7828357011618099,0.9047375815934457,0.8001376704960546,0.8544539081056133,0.8777814790002116,0.85879452493195,0.7278928484529299,0.8687614767613363,0.7691079796623708,0.871601404969429,0.8201840398250114,0.8697384145531802,2.83,1.126555181081936,17221.9241760406,18055.0294546971
2013-12-01,0.8997488718545315,0.9013525103016087,0.8982128717015083,0.7898378645535349,0.93624325997712,0.8117550794797257,0.8846082772929931,0.9074786931425289,0.8896478564284127,0.7560386015943799,0.8898530732378056,0.7971002520269845,0.936516196175361,0.9010408809775231,0.9371929358650909,2.955,1.1773051872282485,17237.1102298548,18009.0717502838
2014-01-01,0.8615275731120606,0.892971257674144,0.864624155804937,0.7485602576668384,0.9335943973334553,0.775405388782545,0.8486342840254748,0.8997314508878587,0.8633123503285018,0.7094960030661213,0.8915859059309659,0.7712326328511026,0.8788864316378302,0.8518630260974508,0.8828840791395564,2.921,1.1636843982303724,17136.2966118774,17898.2746470369
2014-02-01,0.8455092688654,0.8652577574998856,0.846228853985183,0.6923816353845798,0.9057665365335268,0.7214543757070189,0.8271429824601126,0.8622757828981413,0.8350315696067856,0.6468998527851948,0.857580305654432,0.7158629210732919,0.8980096266423834,0.7805098808266707,0.876643208073297,2.965,1.1812859824625275,17215.4864660768,17986.9094734739
2014-03-01,0.9184891235408887,0.9157852183309334,0.9165108283359107,0.8254035707605922,0.970274837624856,0.8489407867965237,0.900775164130633,0.9135840693078978,0.9025766987280308,0.7904085736160589,0.912812518302978,0.8298228487880959,0.9415896968908548,0.8464323427364612,0.9260390386402867,2.89,1.1511476492612172,17241.4309221516,17977.4055751957
2014-04-01,0.9048602804560764,0.9048677790380157,0.9031315178576076,0.8047127370117728,0.948623017510613,0.8269526069477102,0.8852944101213458,0.9114084167056058,0.8915672298887101,0.7590057262701766,0.9063182299216885,0.8080373841267576,0.9343046702224536,0.8592547895610197,0.9239144867879431,2.888,1.1503349134958218,17404.0244149381,18109.0290775593
2014-05-01,0.9191600632233516,0.9151650415650727,0.9169711890008241,0.8248732027855148,0.9555938391346577,0.8457649680152528,0.8988193967951714,0.9334435545131865,0.908791700039278,0.7792442473944394,0.9288682134616666,0.8326129124421957,0.9522570573695852,0.8936491175139539,0.9455583587836941,2.868,1.142181171332848,17542.8821952569,18200.1264552453
2014-06-01,0.9263392156958545,0.9331728507430386,0.9261696080628159,0.831095491033663,0.9719900682398603,0.8541994012011056,0.9127438294921086,0.9503317359226688,0.9243766716045094,0.8027391660837839,0.9451593969511132,0.855499219288621,0.9666970209444519,0.924573842208478,0.964148187491701,2.883,1.1483009820446934,17608.6173898242,18249.2426713346
2014-07-01,0.938969120193442,0.951485266267448,0.9400791125119179,0.8640647420226504,0.9902833144594347,0.8862308807636019,0.9283648633479746,0.9617250651542388,0.9388844455064049,0.8358927804522818,0.9610213073438061,0.8835994744604196,0.972030701183817,0.9262332176798914,0.9681317222148452,2.817,1.1211685514989718,17749.4345053356,18363.8295694664
2014-08-01,0.9288963798706789,0.943357601911043,0.930168478454604,0.852967593753343,0.9722231131853918,0.8732410269633366,0.9163813697981027,0.9599972196854436,0.9305742843693077,0.815114135649015,0.9543632987919635,0.867940593472559,0.9603226226096007,0.9429778247096093,0.9649448944363298,2.839,1.130272095980535,17860.924020427,18466.6379691831
2014-09-01,0.8894113439713935,0.8832652497334457,0.8864245073910739,0.793255671429975,0.8997590984715451,0.80846159521837,0.8670840724265467,0.9180368817886464,0.8823738793883367,0.7402739299831307,0.9091148559040114,0.7989412806459235,0.8973591778327046,0.8847488308945543,0.9050590890983933,2.729,1.0841399570537922,17802.3254742714,18391.0379917804
2014-10-01,0.9148752608002466,0.8815653950995372,0.9079110239552861,0.8229050338262969,0.905204634280067,0.8354443283630815,0.8905152020129528,0.9085548182186276,0.8939413251343016,0.7777786501079795,0.9030164494212531,0.8170360848653697,0.923767399505659,0.856237743249359,0.9162129863231975,2.46,0.9642974724346699,17906.1174508632,18495.0540105045
2014-11-01,0.8896933817593773,0.8742353819934809,0.8852100147067006,0.7753564329896836,0.9131622841095757,0.7950278055923246,0.8671852415359114,0.8822962410168951,0.8689065696982725,0.7463017072819902,0.8808256722102081,0.7864617700699039,0.8885130740210747,0.7998189772213006,0.876377639091754,2.297,0.8861497282668441,17926.5179746928,18509.8406218018
2014-12-01,0.9061834626628968,0.9068053380064942,0.9045807954477105,0.7940793690666546,0.9466811414491785,0.8173517445805025,0.8916480896076369,0.9117187276917953,0.8958572050968723,0.7857487498793105,0.9042707898086944,0.8223696936215621,0.9154416547417719,0.8687584854427516,0.9136900809985394,1.801,0.6153050143773772,17903.6015744508,18495.7809796588
2015-01-01,0.8726270641200369,0.9005112271235958,0.8752824878374899,0.7597249036313105,0.9401239186171728,0.7863166504894163,0.8592441857637194,0.9049050591483816,0.8721593209895344,0.7466770690261306,0.902438657912616,0.7987445525747034,0.86028359568102,0.8388897269573089,0.8662860177931216,1.496,0.4153136890745246,18002.9306362385,18652.4839983208
2015-02-01,0.8564228859609191,0.8690309170566892,0.856089226199992,0.6834627956723089,0.9011268815077624,0.7128471857959422,0.8394602097766208,0.8662173529765518,0.8446320588661305,0.6729269249280101,0.8620529930440455,0.7333789565021647,0.9020424092623911,0.784733745662996,0.8811578807595272,1.766,0.593886004804079,18122.578924225,18729.5770042376
2015-03-01,0.9278616669867814,0.916341962873171,0.9245317556405324,0.8125846038475473,0.9552617114423945,0.8350158069225682,0.9124400296439017,0.9156823461643477,0.9111037263902517,0.8150268731578834,0.9150241258871814,0.8453703478242147,0.9457525692727984,0.849449389048122,0.9301553578542024,1.629,0.5064190415035457,18065.0774396395,18618.3203969216
2015-04-01,0.9181502118497384,0.9055434213727316,0.9144999127437972,0.7978122948648334,0.944950013132928,0.8202788074505385,0.9008960954920129,0.9098772319609427,0.9013128238297616,0.7954494193908648,0.9165022483722405,0.8348081893662389,0.9340444906985821,0.8132448333081913,0.9115655291461958,1.702,0.553770268654127,18243.2741185409,18784.8197872306
2015-05-01,0.9314129120093186,0.9174659715440634,0.9277293991376689,0.819004590621855,0.9487076401400314,0.8394097470049768,0.9142661651010267,0.9353444645348437,0.9195427333103376,0.8209115115122163,0.9376998204440117,0.8614876420855246,0.9430206842721478,0.8699653039674159,0.9329438321604037,1.849,0.6441122790767065,18256.735492905,18749.0250134962
2015-06-01,0.939234194687379,0.9368989584667555,0.9376610406193331,0.8264224730047847,0.9605678499633066,0.8480207829140731,0.928997854640996,0.9532236182163132,0.9359580516888197,0.8408146082396826,0.9495486490154574,0.8796863158196846,0.9663067516586445,0.9235178759993968,0.963882618510158,1.732,0.5727311208737625,18339.3423885544,18813.2872013781
2015-07-01,0.9552450371238645,0.9603248957641304,0.9552969647000165,0.8614863625692024,0.9816717521395559,0.8823841327858393,0.9465043530682848,0.971144749989834,0.9542268585200349,0.875400234752636,0.9695869070814247,0.9110110924003259,0.976453753089632,0.9459948710212703,0.9771610675873058,1.549,0.45241219259080434,18368.1183939581,18820.5259168648
2015-08-01,0.9439510087144329,0.951314204066926,0.9442055088489951,0.8529685725304663,0.9699326743508698,0.8728245549999603,0.9332921112387789,0.9677382058634381,0.9444256158839295,0.8566151621659692,0.9640520416717644,0.8971063706164735,0.9569402887992717,0.948559360386182,0.9642809719824724,1.389,0.3368835023376907,18379.8771877743,18831.6004705466
2015-09-01,0.9089434677580863,0.8925311006810626,0.9045489392626989,0.7856569294958451,0.8995249096022251,0.8017442310551406,0.8889893370678417,0.9247680194224319,0.8990746309984834,0.7769327129386827,0.9201579512481279,0.8262380345791236,0.9196045271237154,0.8793181475335646,0.9190014606293985,1.395,0.3414148916910085,18456.8824182633,18920.5172319511
2015-10-01,0.9346493399962856,0.8949259396506855,0.9269175306509929,0.8165297198270718,0.9068485091378058,0.830093745193409,0.9132675648038848,0.9185221413057949,0.9126745479132126,0.8115997193077433,0.9103141528423686,0.8407904233606178,0.954338493560557,0.8827877507919747,0.9452927898021509,1.391,0.33839580833461697,18469.4201804574,18917.4427161746
2015-11-01,0.9152304062423742,0.8829493889337772,0.9084260147310736,0.7778474214827007,0.9058956488229621,0.7959601595356656,0.8952520137018762,0.8864986200297396,0.8893325238743381,0.7880145698112866,0.8789468640268367,0.8101327262536788,0.9250682971250164,0.8284809171820787,0.9111671756738814,1.326,0.28827271124193654,18387.7162123651,18837.5420456074
2015-12-01,0.9190629492981097,0.9133664466180784,0.9165827396980175,0.7871546416768354,0.9454476326335866,0.8111081008190268,0.9079364742576717,0.9148663508562986,0.9078035411462615,0.8192333235283726,0.9107482476915036,0.8455058924034553,0.9223364121243658,0.8612158696635993,0.9168769087770549,1.082,0.07928263078233716,18448.2746071712,18921.9142785639
2016-01-01,0.889087645426625,0.9082843558890565,0.8904674283687939,0.76198428867324,0.9430840471919071,0.7888364830672927,0.8780985513226591,0.9095663035058497,0.8861688632750893,0.7788040967400089,0.906179191055009,0.8193908469650619,0.8778457135423441,0.849901945994871,0.8816890187226133,0.93,-0.0721739866429634,18494.3951360401,18980.2251549368
2016-02-01,0.8810303473866137,0.8812629734769697,0.8789800237129324,0.7340822098171529,0.9191877508717683,0.7601441318960447,0.8678812236647779,0.8740976182693041,0.8664823960438728,0.7525957462693693,0.8792054365563367,0.7892771719447094,0.8814882268765447,0.7639161261125361,0.8621696985792059,0.973,-0.027314635136665252,18463.5349369287,18952.7191166368
2016-03-01,0.9381532627117961,0.9245547352623205,0.9346268409905694,0.8268816185152108,0.9612700435793857,0.8485489216231823,0.9274681469848476,0.9178635930038648,0.9219816511655088,0.8538846357663896,0.9185849420247951,0.870148998803062,0.939508260699883,0.8477900135767084,0.9260390386402867,1.069,0.06706135034124987,18619.868926995,19072.4690374518
2016-04-01,0.9244308382393376,0.9087335909307637,0.9203592926279907,0.8039747368218428,0.9457338259312427,0.8257833749694754,0.910764372189659,0.9131875946339205,0.9090925679231114,0.8250901483547093,0.9206992831257343,0.8543636476418612,0.9235072199817875,0.8152059134107709,0.9051918735891648,1.147,0.13858179970618636,18704.0530815932,19091.5392519614
2016-05-01,0.9438628975939629,0.9197985225765306,0.938688896509924,0.832055844986046,0.9513062011632378,0.8512529648055978,0.9297143832935424,0.9346508872843877,0.9294557164078885,0.8546774562518031,0.9429415403274408,0.8839072086861197,0.9465331078444126,0.8464323427364612,0.9294914354003453,1.299,0.2668372137989556,18687.632338231,19042.2915763091
2016-06-01,0.9534942652588967,0.9438250010139257,0.9508782655202968,0.8427512273631343,0.9655873337514831,0.8631419435734742,0.9457487892100902,0.958378794749355,0.948819776527964,0.8778609601825789,0.9565484915813158,0.9049566344064601,0.9694289059451022,0.9250263991552271,0.9668038773071305,1.382,0.3315758347140062,18743.4205801621,19054.5444638652
2016-07-01,0.9599388635858777,0.9657280389727747,0.9602134966983167,0.8598316891654623,0.9825328279948367,0.8811068627978091,0.9558504892816888,0.9752082803702127,0.9618322544179829,0.9048935714846476,0.9747560748658497,0.930847981051965,0.9637049564199298,0.948559360386182,0.9690612136502456,1.272,0.24502014739092615,18778.425510732,19098.7639548247
2016-08-01,0.9474819514117074,0.9484040629895731,0.9466324808681401,0.860746158418813,0.9648079822427973,0.8786819663390002,0.9407649704869723,0.9636395668556732,0.9475994187751029,0.8896216021134453,0.9647581123287008,0.9163792173593475,0.9318329647456747,0.9221602051591494,0.9395830566989777,1.295,0.26362948775992406,18889.8671049908,19204.2577015423
2016-09-01,0.9230037360790071,0.8957138807507503,0.9170556581141875,0.8013877720532712,0.9017747439358343,0.8159436842824661,0.9053448584147699,0.9255279195848849,0.9100073130784647,0.8111149041795542,0.9224121019252465,0.8471876962605123,0.9257187459346949,0.8747925780660734,0.9223210728986856,1.319,0.2827511909052817,19009.624384231,19290.8140772883
2016-10-01,0.9387284150662394,0.8951102092241645,0.9304526482560211,0.8171857954185828,0.9045911499335473,0.830306872226668,0.9200786625094715,0.9184103860140911,0.9171927696470279,0.8358539799374078,0.9162013188647995,0.8582270326050043,0.9408091583192404,0.859707346507769,0.929757004381888,1.457,0.3872955197185851,18983.4296193532,19219.0753927978
2016-11-01,0.9263764532195689,0.8807224955264878,0.9176863512882019,0.7854093355755971,0.8927238504982706,0.8004105888582789,0.9088451564395985,0.8856543630722711,0.8983919567529002,0.8153110836962174,0.8745881109986007,0.8243285633660147,0.9319630545076103,0.8400965454819732,0.9199309520647988,1.356,0.31165970714224683,19103.0343048118,19329.3778513724
2016-12-01,0.9259065628161789,0.9217703742726617,0.9238002390190028,0.7896944732964766,0.9520909632279144,0.814554052911701,0.9173209034723682,0.920717565649392,0.9161683592944696,0.845759452152878,0.9155740949775142,0.8637382514415837,0.9150513854559648,0.8746417257504903,0.9152834948877971,1.491,0.41175651076637293,19181.6730758238,19364.6157008113
2017-01-01,0.8984826619682629,0.91444373943256,0.8994501335449732,0.7712800596322111,0.9469363354096165,0.7976203486056885,0.8906563992063141,0.912088681824863,0.8953415964917575,0.8175016111910107,0.9107449485432353,0.8444867654791324,0.8636659294913491,0.8462814904208781,0.870800690479352,1.514,0.4280365362014502,19228.531964202,19356.1072629931
2017-02-01,0.8808292472558277,0.8802381190939665,0.8786389169496562,0.7103911469655735,0.9076592344150347,0.7374303200326171,0.8680402680058688,0.8716400985022768,0.8657388598811169,0.7522293318160642,0.8737045565677821,0.7861085214107302,0.8825289449720308,0.770855332629356,0.8650909573761786,1.547,0.4510319569806976,19260.600513698,19373.7621975086
2017-03-01,0.9497165258753704,0.9267592257413795,0.9448021021855668,0.826020984856541,0.9587869353829794,0.847345441148553,0.9382794713819056,0.9198190692673349,0.929995513276304,0.8772305685503969,0.9242301872701582,0.8869871885469589,0.9423702354624692,0.8372303514858955,0.9256406851679725,1.445,0.37854647680247205,19351.1195220343,19465.209284445
2017-04-01,0.9356861262535459,0.9307686461789206,0.9336029307120555,0.8016077475516088,0.9513852491791583,0.8247620771572386,0.925342938841319,0.9311922286848708,0.9252948112428925,0.8497449710114324,0.9319250807762431,0.8749263206934863,0.9382073630805257,0.8693618947050837,0.9300225733634312,1.51,0.42522037597302165,19321.0778802416,19394.3734361571
2017-05-01,0.9520026985718477,0.9327380220488899,0.9477312524552666,0.8358792852404289,0.9551101975034268,0.8552658544685823,0.9394209578826613,0.943828067907631,0.9392423578776947,0.8782234540226295,0.9526277221262927,0.9029652828610075,0.9451021204631196,0.8594056418766031,0.9318815562342319,1.412,0.354164586452486,19439.4048569095,19515.2002391982
2017-06-01,0.9627570503395981,0.9563677548087366,0.9608734652920754,0.8478793003199065,0.972344236354322,0.8688386164272242,0.9564242311419955,0.9671065608405129,0.9590943048691134,0.9062464184095855,0.9674752171622911,0.9275055974657196,0.9637049564199298,0.931211344094132,0.9644137564732439,1.295,0.26362948775992406,19555.44626286,19611.3179976938
2017-07-01,0.9710311462512928,0.9766636373492124,0.9714983923722844,0.868020695390241,0.9944707112271076,0.8904513238818552,0.9684640076665012,0.9820905387356698,0.9726511221559209,0.9361230665318594,0.9847693225779244,0.9545016460644202,0.960712891895408,0.9478050988082668,0.9668038773071305,1.417,0.3578896971831903,19577.9463830859,19598.3995924836
2017-08-01,0.9623783243202428,0.960084812884598,0.9612207119394967,0.8638806763267564,0.9683865060578056,0.8820530628492609,0.9566697709701133,0.9729910702904752,0.9615031257367717,0.9213071946470297,0.9724664733188124,0.9390207446726251,0.9402887992714974,0.9449389048121891,0.951666445359182,1.561,0.46066198385031326,19666.0173314257,19638.2817053593
2017-09-01,0.9151953892936753,0.8945611004657921,0.9102040984039395,0.778746820276595,0.8859685693599211,0.7934512612061653,0.9008298129900911,0.9273784606897264,0.9077561108103804,0.8179012923326194,0.9274731965094629,0.8539527723570597,0.8987901652139978,0.8655905868155077,0.900809985393706,1.8,0.6146979659147787,19833.8212855237,19745.5923810056
2017-10-01,0.9528674716245442,0.9031087206309665,0.9438137397110946,0.8209068057739639,0.9108948851432537,0.8346032355755852,0.9355531055662833,0.9233359278309461,0.9293505186472935,0.8698036186076195,0.9291879644844592,0.8852163440362926,0.9440614023676337,0.8373812038014784,0.9265701766033726,1.659,0.5260922018201052,19883.843125907,19761.8739610223
2017-11-01,0.9397320724680478,0.8931816698745942,0.9310306346584882,0.7840913268476282,0.9009448134768845,0.8006047871042075,0.9231116779138206,0.8958159198446989,0.9115799659604402,0.839920136197783,0.8900593647386001,0.8470047690729725,0.9456224795108625,0.8366269422235632,0.9289602974372594,1.76,0.5901780569382387,20066.1641869159,19910.6188416337
2017-12-01,0.9370609477370513,0.9262282928827363,0.9339850019044249,0.7950911845871342,0.947930348160877,0.8184617084151462,0.9289218880831092,0.9261995675178967,0.9258872751290133,0.872132799704584,0.925023035235804,0.8843774403579197,0.9160921035514507,0.8684567808115856,0.9144867879431683,1.817,0.624979088191212,20161.2566871564,19974.4871004992
2018-01-01,0.9080720123587716,0.9172559319791223,0.9079968050375324,0.7802027947547518,0.9394809210597663,0.80396464103816,0.8999367041164561,0.9160753024872221,0.9029351649706632,0.844364411539944,0.9186500530557096,0.864558513764921,0.8558605437752049,0.8379846130638108,0.8630991900146062,1.952,0.70384588626299,20251.6373070058,20001.7578372929
2018-02-01,0.8983078650899641,0.8908038799715059,0.8952211690882219,0.7204265142488335,0.905749692350883,0.7457991048270873,0.8865468936776475,0.8840946536964096,0.8825848938306304,0.7879816850406662,0.8842944256379317,0.8129131703923331,0.8937166644985042,0.7965002262784736,0.8799628203425839,1.849,0.6441122790767065,20385.2408381877,20097.4410739392
2018-03-01,0.9622851823803344,0.9427700479360221,0.9581235253502447,0.8275251403190591,0.9633588071611299,0.8494928988947255,0.9527551639913181,0.9382070893010734,0.9461496120406689,0.9063557833219598,0.9358174910282067,0.9104027597472424,0.9496552621308705,0.8930457082516218,0.9452927898021509,1.858,0.6494428307720376,20348.780854899,20032.9898684161
2018-04-01,0.9525455389270467,0.9292493690470809,0.9476144993593687,0.824313901495545,0.9509156443525351,0.8444331112636707,0.9410611410110565,0.931665405538868,0.9359744694018204,0.8934488896406307,0.9375996581958201,0.9036810974118499,0.9268895537921167,0.8505053552572034,0.9175408312309122,2.015,0.7390756682219238,20474.007022349,20090.2886584759
2018-05-01,0.9677540402122711,0.9383931500645888,0.9620382281652251,0.8530341475183114,0.9569727612149701,0.8705657276422212,0.9569581403352627,0.9524182804837018,0.9540118356821852,0.9220666301853342,0.9596558573061715,0.9324045119090716,0.9401587095095616,0.8794689998491477,0.9344044615588899,2.155,0.8141342235920962,20616.3590429632,20178.4700125528
2018-06-01,0.9785457340393968,0.9640059070110114,0.9754963705572157,0.8610403974883507,0.9764519320234535,0.8810361604620756,0.9733018513062248,0.9761202433879466,0.9735336315773466,0.9409171917531935,0.9732384320846723,0.9508567310288587,0.9712501626122025,0.9600241363704934,0.9776922055503917,2.09,0.7798169327967698,20652.3699346854,20182.6632701479
2018-07-01,0.9882466825452054,0.9806117319998879,0.9865993499582082,0.8872455238178034,0.995397510094421,0.9073016969201486,0.9865589315635832,0.9878629122924854,0.9866300258776945,0.9688375465658563,0.9893905926725406,0.9760381465909855,0.9760634838038247,0.9625886257354052,0.9818085247643075,2.098,0.7840890848804343,20751.5100343825,20258.1877937688
2018-08-01,0.9788079355208019,0.9651647791259128,0.97592010963929,0.8839421717372709,0.9750309443004999,0.9007357671557212,0.9734655652119795,0.979610301002297,0.9749550624753942,0.9537254607995838,0.9805459738737801,0.962350590525519,0.9510862495121635,0.9505204404887616,0.960828575222414,2.118,0.7947092800935253,20807.1421976313,20287.9761951833
2018-09-01,0.9325095779576147,0.9079658514706486,0.9271114717403206,0.815201290737102,0.9144358368274479,0.8301681204948643,0.9206797014939765,0.9364271745593786,0.9241486966585173,0.8751357594502949,0.9422299335288287,0.8954134891552066,0.8820085859242879,0.8586513802986876,0.8871331828442438,2.189,0.8317361674373958,20837.5377680558,20282.3208364211
2018-10-01,0.9642928106901882,0.9130544797001972,0.9551273898401949,0.851632262268744,0.9226958362533795,0.8635626454883614,0.9493649855677377,0.9334743858986063,0.9422129421583803,0.909942466593618,0.9378674965949916,0.9136128012743026,0.9314426954598674,0.8592547895610197,0.9233833488248574,2.249,0.8622400488953038,20892.2484376678,20285.5310092808
2018-11-01,0.9530317872562835,0.9037191639797912,0.9440456216339843,0.8065794622090863,0.9116633339801616,0.822135126670398,0.9382180273836154,0.9061613260062229,0.9254097429956856,0.8808771908210282,0.8982865781219314,0.8759623169018695,0.9363861064134253,0.8612158696635993,0.928561943964945,1.945,0.6998721240290384,20912.310680862,20302.4185720303
2018-12-01,0.9481946205979206,0.9334689875886242,0.9446289571920659,0.8199527473805546,0.9557451476253624,0.8415109591762739,0.9417514759856624,0.9326684387189998,0.9367916927626663,0.9082080236640717,0.9311758280032434,0.9090939676314314,0.9063353714062705,0.8803741137426461,0.9106360377107953,1.696,0.5499440974238436,20949.0418814707,20326.681268198
2019-01-01,0.9199261169878996,0.9273127995316837,0.9197403824446395,0.7954330896019712,0.9520170028544879,0.8195182794539075,0.9148318154212314,0.9257909517159937,0.9163544815000888,0.8774090627083542,0.9274808758704456,0.888807679798628,0.8582021594900482,0.856992004827274,0.8696056300624085,1.784,0.6049460493018851,21084.5877986499,20439.927795982
2019-02-01,0.9072432803474557,0.8986921670505779,0.9041095275580053,0.729133755732299,0.9151966958946938,0.7551060562297316,0.8981343468329221,0.8913500656192075,0.8929480027418757,0.8144197295977094,0.8900234869919599,0.8316660529357254,0.8944972030701184,0.8132448333081913,0.8851414154826714,1.914,0.6821267705592398,21082.2496679691,20397.2208636968
2019-03-01,0.9783527439469877,0.9505784323427569,0.9730451964796121,0.8579593556637128,0.9751788434340436,0.878123423421437,0.9701722529148995,0.9446365893670947,0.9601775744864396,0.9439365782631128,0.9424717314103068,0.9363404357242775,0.9544685833224924,0.9030019610801027,0.9515336608684105,1.902,0.6751920559800466,21167.9625333581,20457.7968577853
2019-04-01,0.9636374357316146,0.9394504143781153,0.9587149394570202,0.8381227079370444,0.9547091078516492,0.8571505898869773,0.9539452318018506,0.941759099884695,0.9481955986715338,0.9127413971971734,0.9416394214394286,0.9172596508957174,0.9439313126056981,0.8901795142555439,0.9402469791528348,1.977,0.7179398605823734,21311.3037045704,20529.7060727203
2019-05-01,0.9832405493883041,0.9506858145357353,0.9772132949855363,0.8689217935504949,0.9642461730792111,0.8857202926555239,0.9720109163753063,0.9636763930037375,0.9681023653109158,0.9414922322196055,0.9679601394216295,0.9483129611817134,0.9653961233250943,0.9097903152813397,0.9604302217500996,1.972,0.7151332163156882,21367.5629284153,20572.8373890159
2019-06-01,0.9893006986513049,0.9732359530022783,0.9861656200434874,0.8698590215025277,0.9846764586097261,0.8902138481938522,0.9836070217048576,0.9848782363778765,0.9835744163688913,0.9527662727142641,0.9820294239388989,0.9626104105476916,0.9912839859503058,0.975411072559964,0.9960164652768556,1.817,0.624979088191212,21514.9473670194,20704.3149162351
2019-07-01,0.9996060923197891,0.9854839737646293,0.9969961846347806,0.8953735458032792,1.0000000000000004,0.9152146286998519,0.9958682738785143,0.9932881474893107,0.9947665882681589,0.983543726195121,0.9947663229595634,0.9875741900710153,0.9875113828541695,0.972394026248303,0.9925640685167972,1.913,0.6815502893538303,21674.9547488503,20808.1807408998
2019-08-01,0.9889878396677672,0.9735765442909523,0.9859624742238475,0.8963224918283856,0.9836581496339831,0.9130689369518024,0.9824447918888009,0.9885081700099376,0.9841894063620424,0.9738752239705821,0.9883140570946747,0.9783825308932226,0.9522570573695852,0.9708855030924727,0.9670694462886734,1.8,0.6146979659147787,21713.2058080144,20841.6524560526
2019-09-01,0.9497936264324469,0.9180380788249445,0.9434624114389605,0.8341968189912965,0.9102911272204848,0.8462098189680596,0.9353258900001782,0.9500014233837826,0.9388432344834525,0.8963296408716239,0.9517604199873748,0.9130243117271277,0.901652139976584,0.8966661638256149,0.9111671756738814,1.874,0.6588654875901105,21763.3524430663,20880.1368821413
2019-10-01,0.9769930978802641,0.9203055472369672,0.9671392308127977,0.8686336816724598,0.9186574636843043,0.8779162828645788,0.960489167232641,0.942822507235173,0.9529823795213996,0.937030836040929,0.9422136215764416,0.9320603023805791,0.9294913490308314,0.893799969829537,0.9309520647988315,1.861,0.651214811302046,21808.7259281897,20901.1951201476
2019-11-01,0.9537763191586839,0.9088337129053481,0.9454508380636719,0.823366463317118,0.9088746574230928,0.8364407687562956,0.9401422172735874,0.9137928194542235,0.9292457889229127,0.9106534485569586,0.9063556554508807,0.8981093187611116,0.8968388187849616,0.8720772363855785,0.9017394768291062,1.824,0.6291887738447844,21973.8853350766,21031.6971739272
2019-12-01,0.9760998532400551,0.9418957749428905,0.9697090564216424,0.8504407837244301,0.9493391859551439,0.8669679260451097,0.9696249453576335,0.9459798136592514,0.9602650450048484,0.9485441564697012,0.9385226392898325,0.9371137238796727,0.944972030701184,0.9262332176798914,0.9503386004514672,1.893,0.6699666073553175,22017.0397366901,21023.6353905968
2020-01-01,0.9383026083260955,0.9319133156757298,0.9360071821556248,0.8295806940686852,0.9408471788327732,0.8472516890118733,0.932311977549686,0.9342809804632162,0.9310480623599968,0.9136098900112124,0.9339388834875342,0.913756835514393,0.8648367373487706,0.8785638859556496,0.8798300358518126,1.77,0.5963520339290204,22042.2688247386,20997.5435870564
2020-02-01,0.929455932972358,0.9007373753437404,0.9233596943034712,0.787754772975024,0.9110332176380274,0.8055151992707401,0.9201654747229737,0.8823274334790794,0.9052084418789743,0.8747755857132766,0.8807881508810764,0.8637240666353652,0.8807076883049305,0.7999698295368837,0.8730580268224671,1.509,0.424515346633091,22124.7765061944,21065.7779792657
2020-03-01,0.7599064888465286,0.7817546706852183,0.7597482824609942,0.738651395014708,0.8285769169792463,0.7491638175589461,0.7612552336578897,0.7496481527321608,0.7522202321502727,0.8379862594126593,0.7762727907183091,0.7951806423337171,0.4810719396383505,0.5310001508523157,0.5045810649316159,0.953,-0.04796559227236589,21015.9256691142,20017.1560228875
2020-04-01,0.0,0.0,0.0,0.0,0.0015654744378665875,0.0,0.0,0.0,0.0,0.0,0.0,0.0,0.0,0.0,0.0,0.606,-0.482378433547798,18995.8927686753,18205.3546405575
2020-05-01,0.3720551397483902,0.07386566879232559,0.35234516238369906,0.10637191117439215,0.0,0.10009946979321782,0.3461668152266171,0.06584610505554345,0.30333410412748574,0.08813102532382366,0.03985426392612634,0.07359335937566236,0.30714192793027195,0.06456479106954294,0.2946487850219095,0.686,-0.3663404846015954,19821.1501926045,18963.734325328
2020-06-01,0.5293287022057589,0.24020431964400313,0.5061848938496327,0.16192176925610013,0.13119535777059,0.15795793342896225,0.5093128785465417,0.20585336405311416,0.4573105975105145,0.17165240022013428,0.1645759330449197,0.15649162227536273,0.5602966046572134,0.17483783376074835,0.5355198512813703,0.983,-0.0171239517300682,20989.2890387678,20003.3229970988
2020-07-01,0.6354712606921389,0.4687936193010436,0.6159824581308397,0.4521340201254347,0.42982222531142256,0.44640585738052607,0.6169505986479011,0.38314666908327366,0.5670258962710255,0.5058525242430445,0.40503163937498243,0.4527277129250269,0.4775595160660856,0.1965605672047066,0.45598194130925507,1.084,0.08115175256825898,21434.8432490015,20343.5581907788
2020-08-01,0.6550006288562837,0.5158503838989854,0.6371223696039969,0.5026562718958676,0.46249778546395337,0.4955445745358187,0.6330248233756697,0.44619273260670633,0.5884508308697924,0.5487162196234934,0.4879475266831079,0.5036160554021336,0.47248601535059187,0.20893045708251623,0.4490771477891382,1.112,0.10701680706537882,21676.5274563095,20546.8591066839
2020-09-01,0.6476840170393023,0.5180185235522647,0.630586260286897,0.3952503834519838,0.4623029583117,0.3966499318524317,0.6228300656231838,0.44274273934862807,0.5794922534616953,0.4248103748675014,0.49584989469320284,0.4183441970828081,0.5720046832314297,0.18705687132297477,0.5258265834550524,1.006,0.005984777926012234,21942.2822946809,20760.1829707222
2020-10-01,0.6970407192495571,0.5930391187238429,0.6815870562723569,0.4503447876475839,0.5550963898272641,0.45588779813025937,0.6755997802682154,0.5057596470058354,0.632349367174486,0.5071751012026624,0.5591740725301637,0.49531203609403285,0.6163652920515156,0.23382108915371858,0.5671225600849821,1.047,0.046088781690879495,22099.5851644327,20877.4534088102
2020-11-01,0.6774999199040206,0.6411598581186113,0.6689498320516414,0.46886216921428314,0.6345763992005842,0.48175923087725714,0.6667264604171645,0.5528276871393754,0.6332635927381425,0.5584015557463129,0.6033497626204429,0.5451064743841503,0.5392220632236243,0.2775682606728014,0.5077678927101315,1.133,0.12605524289808392,21940.3489985445,20662.376044622
2020-12-01,0.6885874510108208,0.7038947251290355,0.6867151815683634,0.4817357102180164,0.7308722588423127,0.5068753502604899,0.6834550060584794,0.6210000065392212,0.6606779164465015,0.5835924136905923,0.6633917091736334,0.5840166818182873,0.5534018472746195,0.35555890782923527,0.5296773336874253,1.324,0.28669766350685083,22166.3668369926,20779.6687520417
2021-01-01,0.6534193280746079,0.6838135231745954,0.6534343841860197,0.4479532507458721,0.7452797086936718,0.47957971664955146,0.6491431044856011,0.6083704042738582,0.6316822433366456,0.5396339285444256,0.6789313475916767,0.561852606869607,0.5169767139326135,0.28511087645195354,0.48439782233435136,1.42,0.3601194116725797,22605.4340103779,21103.5385406992
2021-02-01,0.6556502040551635,0.6080033271457586,0.6458712571748455,0.3611714488342255,0.69267639760182,0.3945891237131214,0.6507441762550554,0.5308233681722294,0.6164324247920501,0.4634124379909288,0.6264760236910485,0.49083812552065,0.6006244308572916,0.17906169859707355,0.5311379630859115,1.601,0.4877779827941867,22372.4821589953,20796.9497675181
2021-03-01,0.8008973727648323,0.7160671233666305,0.7868529967275313,0.5897377589587869,0.760944250424096,0.6070150210227929,0.7982656495166207,0.6254634537033272,0.7517123506978312,0.7060505113528226,0.6931019082766996,0.6763676806493919,0.7206972811239756,0.3059284960024137,0.6588766432080733,1.661,0.5273929798347101,22992.462830614,21279.4878147271
2021-04-01,0.8337499003858557,0.7485026496421114,0.8196211333341434,0.6105851773029407,0.7498831393035701,0.6239376412347735,0.8302837627319546,0.6540202566292885,0.782478976521884,0.7193663472166438,0.7074044897866685,0.6905284178790545,0.8025237413815534,0.36264896666163826,0.7341654494755013,1.669,0.532582833816762,23238.7785205277,21391.9130192238
2021-05-01,0.890705345169331,0.7954674495645988,0.8754305207251667,0.6782417465557753,0.7801432236735106,0.6884794167694306,0.8877334315657883,0.699318050693313,0.8366563896866017,0.7979059092310958,0.7346087637956495,0.7529196741051223,0.8827891244959023,0.4513501282244683,0.8170229717169034,1.752,0.5852174003104496,23348.3662956763,21372.7384528269
2021-08-01,0.9333333031018602,0.8513049728407505,0.9197290049581834,0.7895296445171045,0.8254675942706018,0.7940463595115599,0.9363668518104911,0.8085152317526476,0.897008749153942,0.9082643555171828,0.8070253457711587,0.8533520525367688,0.8870820866397815,0.6913561623170917,0.8609746381622626,1.817,0.624979088191212,23914.0582151404,21554.0453422423
2021-09-01,0.8973152235924138,0.7910110942038422,0.8807930720092472,0.7318887100975147,0.7732475454954346,0.7355437000283072,0.8905807554892444,0.7537948442315598,0.8495690163117304,0.8517790237753466,0.7787865565108598,0.8052405390865491,0.8137114609080266,0.5405038467340474,0.774133581197716,2.003,0.7324380216760916,24078.5636305932,21629.9389948754
2021-10-01,0.932905500912085,0.8135049754782724,0.9149031935755021,0.754689850220819,0.7997693690552445,0.7594381818539926,0.9233803094437558,0.7655672521371613,0.8775800342137989,0.880542640656321,0.786608480976442,0.827237091114462,0.883309483543645,0.5659978880675819,0.8357455849156817,2.296,0.8856559542044465,24574.6040110836,21910.7564735394
2021-11-01,0.9290000299874519,0.8384419815716151,0.9143217915987103,0.7405695016962657,0.8257628839154632,0.7504577624027853,0.9223528519867061,0.78898783642004,0.8818233789983596,0.8745144813914614,0.7789201995484163,0.8203462305656615,0.888773253544946,0.6919595715794237,0.8636303279776923,2.193,0.8337916993463435,24708.7392687457,21889.6391797195
2021-12-01,0.9277453997789991,0.8756147277943596,0.9181327278155527,0.7268687317364986,0.8840104698484317,0.7475705679481486,0.9295051433009487,0.8318367766625254,0.8975548353585765,0.8843829932262182,0.8289953128670282,0.8466171043942587,0.8991804344998049,0.7289183888972696,0.8753153631655822,2.095,0.7824886508436938,25047.77072007,22085.5136331238
2022-01-01,0.8475274508245052,0.8402919749916635,0.8438362072610381,0.6822757176212697,0.8799651284987653,0.7079102385638869,0.851304489331671,0.7943934733662976,0.8299871411699851,0.8309959013351751,0.8321327963698808,0.8139314878754824,0.7187459346949396,0.5536279981897723,0.6961890851148587,2.446,0.9577608218797002,25028.3510793013,21919.286926014
2022-02-01,0.8685880502055783,0.8281255884441188,0.8601820659469297,0.6372156637606938,0.8392845775059508,0.6614061147487806,0.8682665423809146,0.7760442741729654,0.8377089825420869,0.7900853645461634,0.7934779390836546,0.7710594364246202,0.8276310654351502,0.5895308492985367,0.7899349355995219,2.682,1.0639462302059284,25167.0644552508,21878.7663215698
2022-03-01,0.9528306191292844,0.8987130892860518,0.9431376690412616,0.7540486610994357,0.899193354958439,0.7739718700789684,0.9525984877487543,0.852519157241268,0.9200536529270034,0.9094114310208692,0.8492361578547065,0.871239240377033,0.9441914921295695,0.7608990798008751,0.916345770813969,3.495,1.3775467802241215,25451.0574655086,21918.1967808048
2022-04-01,0.947579122605946,0.9130304335930903,0.9407822339922918,0.7386502448910441,0.9057272322021124,0.7616661721045972,0.9457112796631906,0.882349809307664,0.9233121026731546,0.8768568085649022,0.8731448698346966,0.8613994983094173,0.9709899830883311,0.8280283602353299,0.9482140485991236,3.914,1.5155351280657845,25592.9514305098,21942.0310601221
2022-05-01,0.9637455055355097,0.923788671468242,0.9562916686182623,0.7700213125964623,0.9179365237185064,0.7912039595498506,0.9575609834597341,0.9080502379068731,0.9395086638258698,0.8995208673084178,0.9053493371447123,0.890812191941837,0.9790555483283465,0.8447729672650478,0.9565794715177268,3.902,1.51176172760826,25820.5053787752,21935.8622114069
2022-06-01,0.9656004675678735,0.9522508181920468,0.9625442228991101,0.7658210737959177,0.9298148117112159,0.7896849484572908,0.9605836291115395,0.9426924262320711,0.9530011082185039,0.8940201137245918,0.9244614753351321,0.8971278431720471,1.0,0.9640971488912357,0.9999999999999999,4.12,1.5788276649899189,26003.9161906941,21884.5175520258
2022-07-01,0.9748385115928633,0.9717112476961653,0.9737604159181412,0.7958055994818807,0.9468713033211245,0.8188869308801667,0.9712037695977322,0.9617700399670039,0.9668772106145012,0.9375423692965725,0.9441878767888277,0.9333847791811696,0.9687784571354237,0.9954744305325088,0.9849953525428231,3.478,1.3716573747797804,26069.4442965868,21953.7569643742
2022-08-01,0.9617187471779287,0.9542863470366192,0.9596324617032135,0.7847781180633824,0.9331787281629782,0.806794786524323,0.9586453889423572,0.9490757136657417,0.9539401246712957,0.9270342376076872,0.9396961458139534,0.9247708884216355,0.9385976323663328,0.9392065168200333,0.948877971052981,3.339,1.3225638206610124,26397.934958522,22185.4849609972
2022-09-01,0.9457480384506916,0.9100864794114343,0.9387568558409818,0.7457043856405985,0.8680145106002044,0.7614565412757557,0.9366090641878548,0.9192756769525245,0.9286723189693618,0.8790830239027567,0.9029111500808407,0.8771694738525149,0.9332639521269677,0.9159752602202446,0.9393174877174345,3.262,1.2946166522253466,26348.6537448267,22066.0226888123
2022-10-01,0.968164707403183,0.913462838610247,0.9585224809761312,0.7647842942286633,0.8722093461569269,0.7789452506942727,0.9573225130901104,0.9151284408966243,0.9415765865353745,0.9120586079686444,0.9000909024625816,0.8959419201300172,0.9577208273708859,0.9037562226580179,0.9548532731376974,3.715,1.4516487157806586,26667.1339818796,22231.7047357196
2022-11-01,0.948357740339353,0.9081948042166545,0.9407018391228714,0.7258143128077084,0.8842192904632595,0.746683361627035,0.9403217175460457,0.895948993761535,0.923619634636955,0.8923910014599343,0.8846718457070724,0.8764547478735274,0.9258488356966308,0.8575954140896064,0.9204620900278847,3.16,1.256720545018612,26786.9513269763,22262.5065985899
2022-12-01,0.9425433742607723,0.9381414028084034,0.9406636157680737,0.7156250369778814,0.9277673897685466,0.7457888398927199,0.9429884740261913,0.9266699637040254,0.9355419381916876,0.9027211207560999,0.9182202942033975,0.8991726527640722,0.919344347599844,0.89742042540353,0.924445624751029,2.897,1.1539884699982461,26748.74569115,22258.9524214828
2023-01-01,0.921245373384834,0.9300146734774573,0.9213315753839115,0.7268313097548393,0.9243091178356173,0.7548184274763159,0.9217373754695695,0.9105351585913595,0.9155668654390361,0.9106933905331083,0.9119173203221269,0.9008625384886635,0.8330948354364511,0.8336098959119024,0.8451732837604568,3.542,1.3937036363108115,27088.0191828521,22415.5309233067
2023-02-01,0.9129689945929123,0.9041100072622177,0.9098662142474554,0.6806349265260909,0.8895356077689005,0.7082259489632481,0.9091188941135666,0.8790170248704094,0.8964373125139034,0.8598046558509118,0.8793752447167664,0.8538305242888153,0.8645765578248992,0.7882033489214061,0.8580533793652901,2.79,1.109913176080977,27124.1726059852,22354.8990779519
2023-03-01,0.9760555989369832,0.95381809349592,0.9716421214690643,0.7829005342456234,0.9461050325640898,0.8075377605176772,0.9718112607046372,0.9382936595639038,0.9591605490263202,0.9658773113595007,0.9335552301099668,0.945182995878012,0.9255886561727593,0.9023985518177705,0.9304209268357456,2.679,1.0626470976894384,27280.8852111148,22444.6029156984
2023-04-01,0.9665213567267052,0.9519227444194027,0.9632640693335173,0.761315138117407,0.9410659050062646,0.7878730956301148,0.9609718771597118,0.9466369007403994,0.9546403405325075,0.9317251441411134,0.9476981861979272,0.9317362163302789,0.9396383504618186,0.8936491175139539,0.9381224273004912,2.374,0.9236334115849165,27323.4838185037,22439.2538853266
2023-05-01,0.9834984931130109,0.9595429248282121,0.9789074201951502,0.7952133124590794,0.9503314826918481,0.8190132473915543,0.9762183279787626,0.9648317365489008,0.9713237089607567,0.9636207056612438,0.967933108682077,0.9613509908664621,0.9454923897489267,0.9164278171669936,0.9479484796175807,2.173,0.8234820249638858,27462.5389877959,22570.9444974253
2023-06-01,0.9880052991067485,0.9835702647381352,0.9869379691976743,0.7887724381519661,0.9665780679674492,0.8165352018967678,0.9852462017499377,0.989113039119311,0.9862450377717078,0.9657365940942118,0.982199643930052,0.9702757362447976,0.9761935735657603,1.0,0.9917673615721684,2.25,0.8627425659949892,27575.4221937773,22613.0143379737
2023-07-01,1.0,1.0,1.0,0.8136686499994354,0.9870844610031893,0.8420566427038718,1.0,1.0,1.0,0.9999033260842918,1.0,1.0,0.976453753089632,0.9906471564338514,0.9895100252290531,2.488,0.9772766032356254,27741.0030546463,22693.1546861007
2023-08-01,0.9837313560614458,0.9841004628913224,0.9834695927373458,0.8204058546995938,0.9752666295105921,0.8455610548090959,0.9815030119904229,0.9895240970055386,0.9839652809478823,1.0,0.9962049174378338,0.9979830070248319,0.907506179263692,0.9444863478654398,0.9280308060018588,2.989,1.1907935964644487,28024.4312887964,22826.7892368566
2023-09-01,0.9632726816596247,0.9378489682889692,0.9581407048570236,0.7758116784282976,0.9100748550279016,0.7948921883551208,0.9530958646650394,0.9586716541708276,0.9537471151260162,0.9448293320367309,0.9606660798297959,0.9463620230444789,0.8907245999739821,0.9102428722280888,0.9067852874784225,3.12,1.2415754243594708,28137.6566566146,22827.7921627681
